<?xml version="1.0" encoding="UTF-8"?>
<project-private xmlns="http://www.netbeans.org/ns/project-private/1">
    <editor-bookmarks xmlns="http://www.netbeans.org/ns/editor-bookmarks/2" lastBookmarkId="0"/>
    <open-files xmlns="http://www.netbeans.org/ns/projectui-open-files/2">
        <group>
            <file>file:/Volumes/Extra/Dropbox/Shares/Bhakti/Async%20Book/FINAL-FINAL-CODE/8125EN_Code/Codes/ch02/FTSServlet/ea-war/web/index.jsp</file>
            <file>file:/Volumes/Extra/Dropbox/Shares/Bhakti/Async%20Book/FINAL-FINAL-CODE/8125EN_Code/Codes/ch02/FTSServlet/ea-war/src/java/me/kalali/books/async/ch4/FTSServlet.java</file>
        </group>
    </open-files>
</project-private>
